date,code,language,url,pages,articles,edits,images,users,activeusers,admins,jobs
2026-07-14,ab,аԥсшәа,https://ab.wikipedia.org,37630,6626,169337,9,25226,41,2,0
2026-07-14,ace,Acèh,https://ace.wikipedia.org,28314,13073,158094,0,33411,37,3,0
2026-07-14,ady,адыгабзэ,https://ady.wikipedia.org,5027,646,17173,0,10585,19,1,0
2026-07-14,af,Afrikaans,https://af.wikipedia.org,440890,129796,2912730,10045,208478,251,15,0
2026-07-14,alt,алтай тил,https://alt.wikipedia.org,7274,1110,49117,0,4650,12,2,0
2026-07-14,am,አማርኛ,https://am.wikipedia.org,46748,15699,393532,1357,56781,60,1,0
2026-07-14,ami,Pangcah,https://ami.wikipedia.org,2316,1149,50105,0,3757,15,1,0
2026-07-14,an,aragonés,https://an.wikipedia.org,239391,84921,2452863,2190,90101,103,9,0
2026-07-14,ang,Ænglisc,https://ang.wikipedia.org,22102,5225,230320,264,139254,65,1,0
2026-07-14,ann,Obolo,https://ann.wikipedia.org,940,436,5104,0,1381,13,1,0
2026-07-14,anp,अंगिका,https://anp.wikipedia.org,5316,1688,23042,0,3908,9,1,0
2026-07-14,ar,العربية,https://ar.wikipedia.org,9169195,1323866,75774402,56419,2956480,5376,24,0
2026-07-14,arc,ܐܪܡܝܐ,https://arc.wikipedia.org,6360,1920,97575,0,23968,13,2,0
2026-07-14,ary,الدارجة,https://ary.wikipedia.org,106734,19150,571124,346,20824,47,3,0
2026-07-14,arz,مصرى,https://arz.wikipedia.org,2254965,1632394,13128888,1301,290899,336,7,0
2026-07-14,as,অসমীয়া,https://as.wikipedia.org,125903,24659,616891,2427,50185,158,6,0
2026-07-14,ast,asturianu,https://ast.wikipedia.org,249544,139158,4498905,0,149577,144,6,0
2026-07-14,atj,Atikamekw,https://atj.wikipedia.org,3308,2080,16983,0,6184,9,9,0
2026-07-14,av,авар,https://av.wikipedia.org,18760,4016,97568,0,17685,26,2,0
2026-07-14,avk,Kotava,https://avk.wikipedia.org,36365,29901,147693,0,8582,23,5,0
2026-07-14,awa,अवधी,https://awa.wikipedia.org,7532,2897,33383,0,5362,21,2,0
2026-07-14,ay,Aymar aru,https://ay.wikipedia.org,8990,5285,102949,0,19527,19,1,0
2026-07-14,az,azərbaycanca,https://az.wikipedia.org,682239,216021,8985108,14567,345934,767,13,0
2026-07-14,azb,تۆرکجه,https://azb.wikipedia.org,580519,244718,1590563,558,62583,90,4,0
2026-07-14,ba,башҡортса,https://ba.wikipedia.org,185138,64288,1300377,1430,47979,77,6,0
2026-07-14,ban,Basa Bali,https://ban.wikipedia.org,78535,38220,264041,141,101897,87,4,0
2026-07-14,bar,Boarisch,https://bar.wikipedia.org,110845,27230,852661,1153,80827,68,2,0
2026-07-14,bbc,Batak Toba,https://bbc.wikipedia.org,2880,1444,17218,0,2661,20,2,0
2026-07-14,bcl,Bikol Central,https://bcl.wikipedia.org,51623,22347,306781,798,31834,74,4,0
2026-07-14,bdr,Bajau Sama,https://bdr.wikipedia.org,1364,242,5750,0,1566,10,1,0
2026-07-14,be,беларуская,https://be.wikipedia.org,734793,264723,5157277,3619,169252,320,10,0
2026-07-14,be-tarask,беларуская (тарашкевіца),https://be-tarask.wikipedia.org,266619,91185,2671815,2275,98227,194,4,0
2026-07-14,bew,Betawi,https://bew.wikipedia.org,8035,3334,34760,0,3785,22,4,0
2026-07-14,bg,български,https://bg.wikipedia.org,705139,311178,12940562,13,399796,1537,19,0
2026-07-14,bh,भोजपुरी,https://bh.wikipedia.org,81963,9118,796952,54,40292,66,2,0
2026-07-14,bi,Bislama,https://bi.wikipedia.org,3479,1486,44214,0,15449,12,1,0
2026-07-14,bjn,Banjar,https://bjn.wikipedia.org,36673,12150,112312,2,17559,103,2,0
2026-07-14,blk,ပအိုဝ်ႏဘာႏသာႏ,https://blk.wikipedia.org,9371,3084,33788,0,3102,20,1,0
2026-07-14,bm,bamanankan,https://bm.wikipedia.org,3351,1007,42509,0,12853,16,1,0
2026-07-14,bn,বাংলা,https://bn.wikipedia.org,1417794,189166,9048127,21591,550996,1665,16,0
2026-07-14,bo,བོད་ཡིག,https://bo.wikipedia.org,22727,8071,161798,0,35490,31,3,0
2026-07-14,bpy,বিষ্ণুপ্রিয়া মণিপুরী,https://bpy.wikipedia.org,63426,25096,895653,35,28255,26,2,0
2026-07-14,br,brezhoneg,https://br.wikipedia.org,161660,91462,2190225,492,92224,107,5,0
2026-07-14,bs,bosanski,https://bs.wikipedia.org,387046,98478,3894052,5315,182411,209,10,0
2026-07-14,btm,Batak Mandailing,https://btm.wikipedia.org,2769,1229,12446,0,1633,11,1,0
2026-07-14,bug,Basa Ugi,https://bug.wikipedia.org,20525,15959,210552,0,15374,20,1,0
2026-07-14,bxr,буряад,https://bxr.wikipedia.org,11245,2917,74619,8,17783,21,1,0
2026-07-14,ca,català,https://ca.wikipedia.org,2008720,797936,37889482,11392,576538,1513,25,0
2026-07-14,cbk-zam,Chavacano de Zamboanga,https://cbk-zam.wikipedia.org,8779,2856,118337,0,16689,18,3,0
2026-07-14,cdo,閩東語 / Mìng-dĕ̤ng-ngṳ̄,https://cdo.wikipedia.org,33630,16725,105176,0,25220,15,3,0
2026-07-14,ce,нохчийн,https://ce.wikipedia.org,1893620,866387,20624782,333,46754,83,3,0
2026-07-14,ceb,Cebuano,https://ceb.wikipedia.org,11234898,6115366,37001118,3,144924,210,6,0
2026-07-14,ch,Chamoru,https://ch.wikipedia.org,2599,582,24670,0,18594,17,1,0
2026-07-14,chr,ᏣᎳᎩ,https://chr.wikipedia.org,4031,1000,51677,0,31648,22,1,0
2026-07-14,chy,Tsetsêhestâhese,https://chy.wikipedia.org,3607,2006,27336,0,14097,15,1,0
2026-07-14,ckb,کوردی,https://ckb.wikipedia.org,258343,82924,1603187,3020,76456,192,7,0
2026-07-14,co,corsu,https://co.wikipedia.org,18695,9245,403978,0,27643,43,1,0
2026-07-14,crh,qırımtatarca,https://crh.wikipedia.org,58415,29717,244138,0,81409,52,2,0
2026-07-14,cs,čeština,https://cs.wikipedia.org,1656035,595243,25999909,1,803271,4033,31,0
2026-07-14,csb,kaszëbsczi,https://csb.wikipedia.org,9762,5672,206961,0,19689,39,2,0
2026-07-14,cu,словѣньскъ / ⰔⰎⰑⰂⰡⰐⰠⰔⰍⰟ,https://cu.wikipedia.org,6080,1457,87460,0,29500,26,1,0
2026-07-14,cv,чӑвашла,https://cv.wikipedia.org,123316,59091,873794,529,40323,42,2,0
2026-07-14,cy,Cymraeg,https://cy.wikipedia.org,550113,284323,15216223,12262,109668,139,11,0
2026-07-14,da,dansk,https://da.wikipedia.org,987066,315021,12284475,1,572015,1350,25,0
2026-07-14,dag,dagbanli,https://dag.wikipedia.org,25240,14471,143537,0,8380,73,1,0
2026-07-14,de,Deutsch,https://de.wikipedia.org,8583776,3135944,266462730,129671,5245242,32988,162,0
2026-07-14,dga,Dagaare,https://dga.wikipedia.org,7163,3416,62580,0,1810,9,2,0
2026-07-14,din,Thuɔŋjäŋ,https://din.wikipedia.org,1081,337,9346,0,7731,13,1,0
2026-07-14,diq,Zazaki,https://diq.wikipedia.org,64343,42706,554449,193,34122,41,3,0
2026-07-14,dsb,dolnoserbski,https://dsb.wikipedia.org,11659,3444,147523,0,21137,18,1,0
2026-07-14,dtp,Kadazandusun,https://dtp.wikipedia.org,7637,1887,24114,0,3005,16,2,0
2026-07-14,dty,डोटेली,https://dty.wikipedia.org,22627,3739,247275,3,8274,19,2,0
2026-07-14,dv,ދިވެހިބަސް,https://dv.wikipedia.org,12510,3218,137516,896,28400,20,2,0
2026-07-14,dz,ཇོང་ཁ,https://dz.wikipedia.org,5852,382,39988,0,13555,21,2,0
2026-07-14,ee,eʋegbe,https://ee.wikipedia.org,4398,1351,61730,0,17239,21,2,0
2026-07-14,el,Ελληνικά,https://el.wikipedia.org,755013,270994,11702660,19932,517028,2387,22,0
2026-07-14,eml,emiliàn e rumagnòl,https://eml.wikipedia.org,37656,14176,172876,2952,31561,28,3,0
2026-07-14,en,English,https://en.wikipedia.org,65905739,7208634,1359378263,971874,53660744,249387,814,0
2026-07-14,eo,Esperanto,https://eo.wikipedia.org,870144,387785,9406393,19749,257631,407,13,0
2026-07-14,es,español,https://es.wikipedia.org,8682407,2125333,173912990,0,8081985,36479,52,0
2026-07-14,et,eesti,https://et.wikipedia.org,616340,260865,7184465,657,231655,841,36,0
2026-07-14,eu,euskara,https://eu.wikipedia.org,1081782,491902,10834723,0,197016,491,12,0
2026-07-14,ext,estremeñu,https://ext.wikipedia.org,9342,4238,143265,0,20361,16,2,0
2026-07-14,fa,فارسی,https://fa.wikipedia.org,6062449,1079735,43927754,99308,1539319,7177,38,0
2026-07-14,fat,mfantse,https://fat.wikipedia.org,4780,1796,25682,0,2527,6,3,0
2026-07-14,ff,Fulfulde,https://ff.wikipedia.org,36663,20523,170421,0,13908,46,3,0
2026-07-14,fi,suomi,https://fi.wikipedia.org,1588435,621507,24061844,80394,670700,2946,35,0
2026-07-14,fj,Na Vosa Vakaviti,https://fj.wikipedia.org,4565,1726,38766,0,10840,15,1,0
2026-07-14,fo,føroyskt,https://fo.wikipedia.org,41087,14219,388072,0,34944,45,3,0
2026-07-14,fon,fɔ̀ngbè,https://fon.wikipedia.org,6593,4443,35331,0,2426,34,2,0
2026-07-14,fr,français,https://fr.wikipedia.org,14046914,2769550,237352625,79048,5923918,33365,145,0
2026-07-14,frp,arpetan,https://frp.wikipedia.org,18340,5829,231360,0,19881,17,2,0
2026-07-14,frr,Nordfriisk,https://frr.wikipedia.org,53039,21281,281854,1486,24569,28,4,0
2026-07-14,fur,furlan,https://fur.wikipedia.org,11524,5196,183625,296,17014,25,2,0
2026-07-14,fy,Frysk,https://fy.wikipedia.org,180574,60346,1232843,7743,58492,76,7,0
2026-07-14,ga,Gaeilge,https://ga.wikipedia.org,117047,64198,1318004,1016,74176,105,6,0
2026-07-14,gag,Gagauz,https://gag.wikipedia.org,7666,3008,75316,0,16777,22,1,0
2026-07-14,gan,贛語,https://gan.wikipedia.org,34494,6817,401778,40,92128,39,2,0
2026-07-14,gcr,kriyòl gwiyannen,https://gcr.wikipedia.org,2674,1077,17706,0,4470,10,1,0
2026-07-14,gd,Gàidhlig,https://gd.wikipedia.org,32896,16057,582176,290,32458,28,5,0
2026-07-14,gl,galego,https://gl.wikipedia.org,600891,232450,7469484,35,171972,382,6,0
2026-07-14,glk,گیلکی,https://glk.wikipedia.org,57648,48309,158375,811,18647,71,3,0
2026-07-14,gn,Avañe'ẽ,https://gn.wikipedia.org,14198,6032,137764,0,23101,28,2,0
2026-07-14,gom,गोंयची कोंकणी / Gõychi Konknni,https://gom.wikipedia.org,8924,3643,214319,0,11805,15,3,0
2026-07-14,gor,Bahasa Hulontalo,https://gor.wikipedia.org,25048,15120,67453,0,8667,17,3,0
2026-07-14,got,𐌲𐌿𐍄𐌹𐍃𐌺,https://got.wikipedia.org,4023,1010,48898,0,23077,20,1,0
2026-07-14,gpe,Ghanaian Pidgin,https://gpe.wikipedia.org,27952,5498,107167,0,6837,27,2,0
2026-07-14,gsw,Alemannisch,https://als.wikipedia.org,75327,31726,1083641,603,120417,103,7,0
2026-07-14,gu,ગુજરાતી,https://gu.wikipedia.org,136341,30864,900831,0,86347,89,3,0
2026-07-14,guc,wayuunaiki,https://guc.wikipedia.org,1401,705,18606,0,2841,27,2,0
2026-07-14,gur,farefare,https://gur.wikipedia.org,2658,1378,23637,0,2304,11,1,0
2026-07-14,guw,gungbe,https://guw.wikipedia.org,3006,1696,45103,0,2484,19,4,0
2026-07-14,gv,Gaelg,https://gv.wikipedia.org,47010,7110,383973,122,23475,33,3,0
2026-07-14,ha,Hausa,https://ha.wikipedia.org,151131,106226,882913,0,46496,344,15,0
2026-07-14,hak,客家語 / Hak-kâ-ngî,https://hak.wikipedia.org,20051,10436,134060,0,36996,20,1,0
2026-07-14,haw,Hawaiʻi,https://haw.wikipedia.org,6262,2895,102913,0,21445,16,1,0
2026-07-14,he,עברית,https://he.wikipedia.org,1672866,400893,43512625,88280,1333854,6973,25,0
2026-07-14,hi,हिन्दी,https://hi.wikipedia.org,1391042,170503,6568922,4685,914623,955,7,0
2026-07-14,hif,Fiji Hindi,https://hif.wikipedia.org,57250,12382,336100,187,40386,67,3,0
2026-07-14,hr,hrvatski,https://hr.wikipedia.org,509245,234168,7509682,21137,363084,855,14,0
2026-07-14,hsb,hornjoserbsce,https://hsb.wikipedia.org,36516,14268,390358,126,28396,22,4,0
2026-07-14,ht,Kreyòl ayisyen,https://ht.wikipedia.org,93577,72007,881075,0,39477,64,2,0
2026-07-14,hu,magyar,https://hu.wikipedia.org,1623374,571196,29151402,9516,649580,2761,22,0
2026-07-14,hy,հայերեն,https://hy.wikipedia.org,1206525,329940,10822261,12444,172060,674,10,0
2026-07-14,hyw,Արեւմտահայերէն,https://hyw.wikipedia.org,30474,13977,241607,0,14620,37,5,0
2026-07-14,ia,interlingua,https://ia.wikipedia.org,46650,30470,693860,4,59941,36,6,0
2026-07-14,iba,Jaku Iban,https://iba.wikipedia.org,6720,2475,19497,0,2520,20,2,0
2026-07-14,id,Bahasa Indonesia,https://id.wikipedia.org,4206594,784957,29429310,67027,1715245,5235,47,0
2026-07-14,ie,Interlingue,https://ie.wikipedia.org,18004,13706,168304,0,24577,27,1,0
2026-07-14,ig,Igbo,https://ig.wikipedia.org,66381,48021,435464,0,39207,142,5,0
2026-07-14,igl,Igala,https://igl.wikipedia.org,2012,1511,38374,0,1555,16,1,0
2026-07-14,ik,Iñupiatun,https://ik.wikipedia.org,2675,595,40539,0,10416,12,1,0
2026-07-14,ilo,Ilokano,https://ilo.wikipedia.org,70742,15527,405732,0,20140,41,2,0
2026-07-14,inh,гӀалгӀай,https://inh.wikipedia.org,17482,2554,74859,40,6304,18,3,0
2026-07-14,io,Ido,https://io.wikipedia.org,106784,62741,1123389,0,46237,65,4,0
2026-07-14,is,íslenska,https://is.wikipedia.org,160982,61139,1967283,3345,116654,211,11,0
2026-07-14,isv,medžuslovjansky,https://isv.wikipedia.org,4662,1434,27826,0,460,0,2,0
2026-07-14,it,italiano,https://it.wikipedia.org,8860239,1977679,151318076,124205,3078860,25442,102,0
2026-07-14,iu,ᐃᓄᒃᑎᑐᑦ / inuktitut,https://iu.wikipedia.org,3019,434,48874,0,46277,24,2,0
2026-07-14,ja,日本語,https://ja.wikipedia.org,4433815,1509930,110071312,6818,2694606,23899,40,0
2026-07-14,jam,Patois,https://jam.wikipedia.org,3121,1719,22814,0,12479,20,1,0
2026-07-14,jbo,la .lojban.,https://jbo.wikipedia.org,6757,1356,115069,0,19823,22,1,0
2026-07-14,jv,Jawa,https://jv.wikipedia.org,186654,75321,1749158,4343,72913,110,5,0
2026-07-14,ka,ქართული,https://ka.wikipedia.org,807684,197311,5436741,15984,183195,338,6,0
2026-07-14,kaa,Qaraqalpaqsha,https://kaa.wikipedia.org,43674,15449,264794,90,16217,26,4,0
2026-07-14,kab,Taqbaylit,https://kab.wikipedia.org,18191,7146,116702,0,16728,22,1,0
2026-07-14,kai,Karai-karai,https://kai.wikipedia.org,4042,1722,13825,0,458,15,2,0
2026-07-14,kaj,Jju,https://kaj.wikipedia.org,1164,299,24317,0,655,15,2,0
2026-07-14,kbd,адыгэбзэ,https://kbd.wikipedia.org,7129,1669,48802,0,11613,17,2,0
2026-07-14,kbp,Kabɩyɛ,https://kbp.wikipedia.org,3450,1714,18630,0,5941,8,1,0
2026-07-14,kcg,Tyap,https://kcg.wikipedia.org,7585,1866,47423,1,2946,15,2,0
2026-07-14,kg,Kongo,https://kg.wikipedia.org,4433,1954,52540,0,12967,18,1,0
2026-07-14,kge,Kumoring,https://kge.wikipedia.org,4661,2907,32028,0,1612,9,0,0
2026-07-14,ki,Gĩkũyũ,https://ki.wikipedia.org,4313,2497,23879,0,10543,18,1,0
2026-07-14,kk,қазақша,https://kk.wikipedia.org,668514,244281,3626228,8762,179729,328,15,0
2026-07-14,km,ភាសាខ្មែរ,https://km.wikipedia.org,37357,12148,336926,808,51332,125,2,0
2026-07-14,kn,ಕನ್ನಡ,https://kn.wikipedia.org,160288,35216,1371679,2358,98469,235,4,0
2026-07-14,knc,Yerwa Kanuri,https://knc.wikipedia.org,2871,1951,29563,0,1686,19,2,0
2026-07-14,ko,한국어,https://ko.wikipedia.org,3567098,754065,42044958,15526,1032730,5730,23,0
2026-07-14,koi,перем коми,https://koi.wikipedia.org,13903,3472,64054,0,9924,14,1,0
2026-07-14,krc,къарачай-малкъар,https://krc.wikipedia.org,17495,2856,124365,0,12055,17,2,0
2026-07-14,ks,کٲشُر,https://ks.wikipedia.org,26118,11144,144547,90,14325,44,2,0
2026-07-14,ksh,Ripoarisch,https://ksh.wikipedia.org,10812,3038,1610349,0,25352,14,4,0
2026-07-14,ku,kurdî,https://ku.wikipedia.org,301649,91905,2078750,554,168864,104,3,0
2026-07-14,kus,Kʋsaal,https://kus.wikipedia.org,2078,1367,17101,0,1185,10,0,0
2026-07-14,kv,коми,https://kv.wikipedia.org,20212,5820,148816,0,16993,20,1,0
2026-07-14,kw,kernowek,https://kw.wikipedia.org,15111,7226,226964,6,18762,26,3,0
2026-07-14,ky,кыргызча,https://ky.wikipedia.org,125118,76490,649554,2679,47912,110,3,0
2026-07-14,la,Latina,https://la.wikipedia.org,295246,141969,3962493,0,209261,175,21,0
2026-07-14,lad,Ladino,https://lad.wikipedia.org,12837,4063,216474,21,24974,23,3,0
2026-07-14,lb,Lëtzebuergesch,https://lb.wikipedia.org,143016,67476,2681920,2539,71753,104,7,0
2026-07-14,lbe,лакку,https://lbe.wikipedia.org,16223,1069,55277,0,9773,11,2,0
2026-07-14,lez,лезги,https://lez.wikipedia.org,15208,4475,98619,11,12976,24,3,0
2026-07-14,lfn,Lingua Franca Nova,https://lfn.wikipedia.org,7442,4656,43295,0,17335,22,1,0
2026-07-14,lg,Luganda,https://lg.wikipedia.org,11204,5668,62597,0,11356,67,2,0
2026-07-14,li,Limburgs,https://li.wikipedia.org,68823,15213,485372,622,33702,39,7,0
2026-07-14,lij,Ligure,https://lij.wikipedia.org,28509,11565,271384,38,19980,27,7,0
2026-07-14,lld,Ladin,https://lld.wikipedia.org,191031,183202,252377,4,13990,30,3,0
2026-07-14,lmo,lombard,https://lmo.wikipedia.org,153489,80170,1327934,795,53728,46,3,0
2026-07-14,ln,lingála,https://ln.wikipedia.org,11940,5217,135259,34,15881,23,4,0
2026-07-14,lo,ລາວ,https://lo.wikipedia.org,16367,5576,128934,40,23366,61,3,0
2026-07-14,lt,lietuvių,https://lt.wikipedia.org,566184,226299,7865453,27079,219455,509,9,0
2026-07-14,ltg,latgaļu,https://ltg.wikipedia.org,3307,1153,37931,0,8806,10,1,0
2026-07-14,lv,latviešu,https://lv.wikipedia.org,575649,144365,4486946,28769,146789,423,14,0
2026-07-14,lzh,文言,https://zh-classical.wikipedia.org,122667,14099,442918,0,119043,68,6,0
2026-07-14,mad,Madhurâ,https://mad.wikipedia.org,16000,5371,58562,0,5308,46,4,0
2026-07-14,mag,मगही,https://mag.wikipedia.org,16615,3653,61954,0,243,0,1,0
2026-07-14,mai,मैथिली,https://mai.wikipedia.org,46081,14354,274971,126,17331,37,4,0
2026-07-14,map-bms,Basa Banyumasan,https://map-bms.wikipedia.org,30425,13972,222206,452,20054,20,1,0
2026-07-14,mdf,мокшень,https://mdf.wikipedia.org,24041,7629,103532,0,11883,23,1,0
2026-07-14,mg,Malagasy,https://mg.wikipedia.org,262576,103475,1146572,3,40100,113,2,0
2026-07-14,mhr,олык марий,https://mhr.wikipedia.org,31750,11325,203146,0,16686,20,1,0
2026-07-14,mi,Māori,https://mi.wikipedia.org,15582,8053,168003,0,23034,24,2,0
2026-07-14,min,Minangkabau,https://min.wikipedia.org,475109,229716,3349587,180,24173,49,6,0
2026-07-14,mk,македонски,https://mk.wikipedia.org,606502,163167,5579887,9037,133993,275,12,0
2026-07-14,ml,മലയാളം,https://ml.wikipedia.org,554479,88215,4385743,7506,206496,388,13,0
2026-07-14,mn,монгол,https://mn.wikipedia.org,115172,27808,860524,1405,104701,228,4,0
2026-07-14,mni,ꯃꯤꯇꯩ ꯂꯣꯟ,https://mni.wikipedia.org,17886,10550,62047,0,48132,27,3,0
2026-07-14,mnw,ဘာသာမန်,https://mnw.wikipedia.org,11330,4077,56119,0,5427,20,3,0
2026-07-14,mos,moore,https://mos.wikipedia.org,2120,1326,31794,0,1738,12,0,0
2026-07-14,mr,मराठी,https://mr.wikipedia.org,332952,102306,2689606,2403,182679,303,10,0
2026-07-14,mrj,кырык мары,https://mrj.wikipedia.org,21615,10430,108133,0,12370,19,1,0
2026-07-14,ms,Bahasa Melayu,https://ms.wikipedia.org,1186738,439856,6885578,17903,403193,2006,14,0
2026-07-14,mt,Malti,https://mt.wikipedia.org,23834,7886,330328,697,28160,44,4,0
2026-07-14,mwl,Mirandés,https://mwl.wikipedia.org,10787,4336,106715,0,15310,25,1,0
2026-07-14,my,မြန်မာဘာသာ,https://my.wikipedia.org,271514,111234,1042746,2936,142321,313,4,0
2026-07-14,myv,эрзянь,https://myv.wikipedia.org,31951,7870,154577,0,15137,16,2,0
2026-07-14,mzn,مازِرونی,https://mzn.wikipedia.org,165075,64695,389975,432,45845,50,4,0
2026-07-14,nah,Nāhuatl,https://nah.wikipedia.org,12196,4074,525877,168,24696,16,2,0
2026-07-14,nan,閩南語 / Bân-lâm-gí,https://zh-min-nan.wikipedia.org,1079208,434307,3281472,292,74330,90,3,0
2026-07-14,nap,Napulitano,https://nap.wikipedia.org,24240,14964,671922,288,34830,33,3,0
2026-07-14,nds,Plattdüütsch,https://nds.wikipedia.org,187372,85907,1069745,0,62514,54,3,0
2026-07-14,nds-nl,Nedersaksies,https://nds-nl.wikipedia.org,22029,8106,332355,561,36089,33,6,0
2026-07-14,ne,नेपाली,https://ne.wikipedia.org,114592,29921,1358882,1486,78715,141,5,0
2026-07-14,new,नेपाल भाषा,https://new.wikipedia.org,269597,74240,1120839,0,31222,23,2,0
2026-07-14,nia,Li Niha,https://nia.wikipedia.org,4497,1778,27541,0,2897,7,2,0
2026-07-14,nl,Nederlands,https://nl.wikipedia.org,4789013,2223058,71396935,20,1588337,7388,33,0
2026-07-14,nn,norsk nynorsk,https://nn.wikipedia.org,401242,178113,3652683,10,155493,147,14,0
2026-07-14,no,norsk,https://no.wikipedia.org,1890823,686392,25807534,4,720666,1556,35,0
2026-07-14,nov,Novial,https://nov.wikipedia.org,5170,2070,181451,0,13698,18,2,0
2026-07-14,nqo,ߒߞߏ,https://nqo.wikipedia.org,3484,1615,12900,0,6039,16,1,0
2026-07-14,nr,isiNdebele seSewula,https://nr.wikipedia.org,1042,327,6509,0,1611,11,0,0
2026-07-14,nrm,Nouormand,https://nrm.wikipedia.org,10695,5060,221198,0,15526,10,1,0
2026-07-14,nso,Sesotho sa Leboa,https://nso.wikipedia.org,11933,8940,55156,0,8575,20,1,0
2026-07-14,nup,Nupe,https://nup.wikipedia.org,1666,953,21189,0,1287,29,2,0
2026-07-14,nv,Diné bizaad,https://nv.wikipedia.org,36574,22667,308917,736,21040,19,2,0
2026-07-14,ny,Chi-Chewa,https://ny.wikipedia.org,5436,1121,48523,0,12865,16,2,0
2026-07-14,oc,occitan,https://oc.wikipedia.org,167280,90808,2491779,306,64073,138,3,0
2026-07-14,olo,livvinkarjala,https://olo.wikipedia.org,15071,5017,41937,0,8737,23,2,0
2026-07-14,om,Oromoo,https://om.wikipedia.org,5368,1969,45705,0,14101,23,1,0
2026-07-14,or,ଓଡ଼ିଆ,https://or.wikipedia.org,87788,20958,588060,170,41933,67,4,0
2026-07-14,os,ирон,https://os.wikipedia.org,77709,21755,593787,149,28222,25,3,0
2026-07-14,pa,ਪੰਜਾਬੀ,https://pa.wikipedia.org,193086,59618,840716,1868,59624,137,10,0
2026-07-14,pag,Pangasinan,https://pag.wikipedia.org,6890,2653,79790,0,10038,18,1,0
2026-07-14,pam,Kapampangan,https://pam.wikipedia.org,23407,10221,311889,394,24924,21,2,0
2026-07-14,pap,Papiamentu,https://pap.wikipedia.org,11401,5575,196975,0,18426,26,5,0
2026-07-14,pcd,Picard,https://pcd.wikipedia.org,12188,6122,79518,51,21966,27,2,0
2026-07-14,pcm,Naijá,https://pcm.wikipedia.org,2902,1601,31702,0,3819,20,4,0
2026-07-14,pdc,Deitsch,https://pdc.wikipedia.org,5862,2030,107720,0,39604,21,1,0
2026-07-14,pfl,Pälzisch,https://pfl.wikipedia.org,7115,2865,93429,0,14120,15,4,0
2026-07-14,pi,पालि,https://pi.wikipedia.org,1828,302,103502,1,8569,9,1,0
2026-07-14,pl,polski,https://pl.wikipedia.org,4049060,1701444,79975613,265,1586613,9250,95,0
2026-07-14,pms,Piemontèis,https://pms.wikipedia.org,104140,71539,884531,1810,31932,29,4,0
2026-07-14,pnb,پنجابی,https://pnb.wikipedia.org,146414,75611,705730,31,44343,57,2,0
2026-07-14,pnt,Ποντιακά,https://pnt.wikipedia.org,2601,665,37566,0,12692,16,1,0
2026-07-14,ppl,Nawat,https://ppl.wikipedia.org,1306,254,9874,0,702,13,1,0
2026-07-14,ps,پښتو,https://ps.wikipedia.org,77134,21322,364612,1819,39424,55,3,0
2026-07-14,pt,português,https://pt.wikipedia.org,6142342,1177845,72438421,68131,3449842,7532,51,0
2026-07-14,pwn,pinayuanan,https://pwn.wikipedia.org,655,393,13067,0,2719,3,1,0
2026-07-14,qu,Runa Simi,https://qu.wikipedia.org,58767,24547,688402,0,34760,34,1,0
2026-07-14,rki,ရခိုင်,https://rki.wikipedia.org,5035,1464,19538,0,1176,13,2,0
2026-07-14,rm,rumantsch,https://rm.wikipedia.org,9863,3867,172392,48,23600,24,2,0
2026-07-14,rmy,romani čhib,https://rmy.wikipedia.org,2854,758,57307,0,19692,10,1,0
2026-07-14,rn,ikirundi,https://rn.wikipedia.org,2868,729,27890,0,11466,17,1,0
2026-07-14,ro,română,https://ro.wikipedia.org,3053232,545813,17802554,120266,760417,1707,18,0
2026-07-14,roa-tara,tarandíne,https://roa-tara.wikipedia.org,18700,9508,151056,147,13406,18,3,0
2026-07-14,rsk,руски,https://rsk.wikipedia.org,3022,1406,19899,0,2300,27,1,0
2026-07-14,ru,русский,https://ru.wikipedia.org,8530504,2109582,153653967,266559,4020944,16294,63,0
2026-07-14,rue,русиньскый,https://rue.wikipedia.org,23072,10274,166673,87,36189,38,1,0
2026-07-14,rup,armãneashti,https://roa-rup.wikipedia.org,4623,1389,209249,0,15891,10,1,0
2026-07-14,rw,Ikinyarwanda,https://rw.wikipedia.org,19265,9836,133535,0,18432,73,1,0
2026-07-14,sa,संस्कृतम्,https://sa.wikipedia.org,82601,12514,499210,445,46041,42,3,0
2026-07-14,sah,саха тыла,https://sah.wikipedia.org,55313,18212,428589,1765,29141,40,4,0
2026-07-14,sat,ᱥᱟᱱᱛᱟᱲᱤ,https://sat.wikipedia.org,33110,15468,190887,0,11178,52,2,0
2026-07-14,sc,sardu,https://sc.wikipedia.org,17771,7821,189908,157,29579,29,3,0
2026-07-14,scn,sicilianu,https://scn.wikipedia.org,55833,26310,779167,954,51072,48,4,0
2026-07-14,sco,Scots,https://sco.wikipedia.org,138505,34214,911865,416,133089,106,3,0
2026-07-14,sd,سنڌي,https://sd.wikipedia.org,83856,21994,394271,159,22237,46,4,0
2026-07-14,se,davvisámegiella,https://se.wikipedia.org,21142,7907,306005,0,33875,20,5,0
2026-07-14,sg,Sängö,https://sg.wikipedia.org,1960,374,21776,0,7915,9,1,0
2026-07-14,sgs,žemaitėška,https://bat-smg.wikipedia.org,30079,17275,362805,109,29084,26,3,0
2026-07-14,sh,srpskohrvatski / српскохрватски,https://sh.wikipedia.org,4630794,461868,42633382,10014,373588,321,8,0
2026-07-14,shi,Taclḥit,https://shi.wikipedia.org,14984,10893,78698,0,41662,27,3,0
2026-07-14,shn,တႆး,https://shn.wikipedia.org,39735,18549,132905,79,6608,31,2,0
2026-07-14,si,සිංහල,https://si.wikipedia.org,176098,25610,794976,2988,78931,154,3,0
2026-07-14,simple,Simple English,https://simple.wikipedia.org,943760,283240,10896371,36,1813675,3083,24,0
2026-07-14,sk,slovenčina,https://sk.wikipedia.org,606350,260477,8222691,0,297799,1125,11,0
2026-07-14,skr,سرائیکی,https://skr.wikipedia.org,33317,24645,71701,0,4426,19,2,0
2026-07-14,sl,slovenščina,https://sl.wikipedia.org,509442,198314,6699111,9018,261573,513,22,0
2026-07-14,sm,Gagana Samoa,https://sm.wikipedia.org,6289,1209,48341,0,12261,14,1,0
2026-07-14,smn,anarâškielâ,https://smn.wikipedia.org,30225,6716,157547,0,7267,21,4,0
2026-07-14,sn,chiShona,https://sn.wikipedia.org,20759,11716,113990,0,20972,18,1,0
2026-07-14,so,Soomaaliga,https://so.wikipedia.org,33302,12023,302018,0,46042,142,1,0
2026-07-14,sq,shqip,https://sq.wikipedia.org,328021,106039,3004305,3434,188505,311,5,0
2026-07-14,sr,српски / srpski,https://sr.wikipedia.org,4173233,706360,31042135,40259,595842,1836,9,0
2026-07-14,srn,Sranantongo,https://srn.wikipedia.org,2737,1132,40158,0,9042,13,1,0
2026-07-14,ss,SiSwati,https://ss.wikipedia.org,3492,1154,42503,0,10366,16,3,0
2026-07-14,st,Sesotho,https://st.wikipedia.org,6083,1962,40268,0,12879,40,1,0
2026-07-14,stq,Seeltersk,https://stq.wikipedia.org,10857,4188,124353,381,15244,19,4,0
2026-07-14,su,Sunda,https://su.wikipedia.org,100766,62939,699229,419,36178,78,7,0
2026-07-14,sv,svenska,https://sv.wikipedia.org,6373365,2626627,59371134,0,1052078,4095,65,0
2026-07-14,sw,Kiswahili,https://sw.wikipedia.org,230675,121041,1575949,1210,89675,197,14,0
2026-07-14,syl,ꠍꠤꠟꠐꠤ,https://syl.wikipedia.org,6591,1231,30715,0,1859,14,1,0
2026-07-14,szl,ślůnski,https://szl.wikipedia.org,77504,60807,386590,0,30061,55,2,0
2026-07-14,szy,Sakizaya,https://szy.wikipedia.org,6476,2742,141062,0,4274,15,1,0
2026-07-14,ta,தமிழ்,https://ta.wikipedia.org,629152,187556,4588255,9854,262507,488,31,0
2026-07-14,tay,Tayal,https://tay.wikipedia.org,3343,2582,66735,0,2772,12,1,0
2026-07-14,tcy,ತುಳು,https://tcy.wikipedia.org,21737,3659,245969,12,8967,29,5,0
2026-07-14,tdd,ᥖᥭᥰ ᥖᥬᥲ ᥑᥨᥒᥰ,https://tdd.wikipedia.org,2491,448,7711,0,1191,9,1,0
2026-07-14,te,తెలుగు,https://te.wikipedia.org,423210,125928,4769907,15241,148632,375,11,0
2026-07-14,tet,tetun,https://tet.wikipedia.org,5563,1542,74166,0,11711,86,6,0
2026-07-14,tg,тоҷикӣ,https://tg.wikipedia.org,288401,118675,1479571,542,142362,102,7,0
2026-07-14,th,ไทย,https://th.wikipedia.org,1188111,185089,13100041,9256,556567,2801,18,0
2026-07-14,ti,ትግርኛ,https://ti.wikipedia.org,3067,365,25964,0,11501,18,2,0
2026-07-14,tig,ትግሬ,https://tig.wikipedia.org,510,62,6794,0,1804,11,1,0
2026-07-14,tk,Türkmençe,https://tk.wikipedia.org,17933,7206,269322,332,33930,45,2,0
2026-07-14,tl,Tagalog,https://tl.wikipedia.org,249894,49137,2209657,1712,162785,280,10,0
2026-07-14,tly,tolışi,https://tly.wikipedia.org,14025,10156,125136,1,51554,39,2,0
2026-07-14,tn,Setswana,https://tn.wikipedia.org,9963,5151,52447,4,12846,61,1,0
2026-07-14,to,lea faka-Tonga,https://to.wikipedia.org,5545,2047,44031,12,12928,13,2,0
2026-07-14,tok,toki pona,https://tok.wikipedia.org,11219,4454,62631,0,5885,110,2,0
2026-07-14,tpi,Tok Pisin,https://tpi.wikipedia.org,5775,1416,89571,0,16182,13,1,0
2026-07-14,tr,Türkçe,https://tr.wikipedia.org,3414764,690156,37402130,44718,1838687,4348,22,0
2026-07-14,trv,Seediq,https://trv.wikipedia.org,2220,1201,104329,0,3036,8,1,0
2026-07-14,ts,Xitsonga,https://ts.wikipedia.org,4570,1094,41726,0,12788,20,2,0
2026-07-14,tt,татарча / tatarça,https://tt.wikipedia.org,1460546,708918,5977219,7073,61251,83,7,0
2026-07-14,tum,chiTumbuka,https://tum.wikipedia.org,39744,19219,108061,138,11711,30,2,0
2026-07-14,tw,Twi,https://tw.wikipedia.org,8820,4737,138110,0,18454,24,3,0
2026-07-14,ty,reo tahiti,https://ty.wikipedia.org,3080,1252,54213,0,8722,8,1,0
2026-07-14,tyv,тыва дыл,https://tyv.wikipedia.org,15104,4128,52369,0,11090,17,1,0
2026-07-14,udm,удмурт,https://udm.wikipedia.org,20459,5917,130016,8,17612,16,2,0
2026-07-14,ug,ئۇيغۇرچە / Uyghurche,https://ug.wikipedia.org,17666,9723,175399,0,25812,40,1,0
2026-07-14,uk,українська,https://uk.wikipedia.org,5349063,1427911,48311103,114870,922551,4755,44,0
2026-07-14,ur,اردو,https://ur.wikipedia.org,2974926,648021,11547653,10272,215604,380,9,0
2026-07-14,uz,oʻzbekcha / ўзбекча,https://uz.wikipedia.org,1273596,350002,6201443,3928,287597,529,10,0
2026-07-14,ve,Tshivenda,https://ve.wikipedia.org,2654,901,22605,0,9602,17,1,0
2026-07-14,vec,vèneto,https://vec.wikipedia.org,143560,69617,1228409,724,42274,43,5,0
2026-07-14,vep,vepsän kel’,https://vep.wikipedia.org,39387,7112,188831,0,18432,23,1,0
2026-07-14,vi,Tiếng Việt,https://vi.wikipedia.org,4597401,1303693,75254927,28197,1072558,4446,16,0
2026-07-14,vls,West-Vlams,https://vls.wikipedia.org,23368,8357,326662,355,31173,32,5,0
2026-07-14,vo,Volapük,https://vo.wikipedia.org,171315,53187,3333722,0,41474,40,1,0
2026-07-14,vro,võro,https://fiu-vro.wikipedia.org,13129,6909,184670,50,16666,15,4,0
2026-07-14,wa,walon,https://wa.wikipedia.org,31041,12986,425159,771,28780,35,4,0
2026-07-14,war,Winaray,https://war.wikipedia.org,2870515,1266912,7735547,42,67260,68,3,0
2026-07-14,wo,Wolof,https://wo.wikipedia.org,5574,1745,107396,0,17653,17,1,0
2026-07-14,wuu,吴语,https://wuu.wikipedia.org,75445,48282,397021,6,239359,80,4,0
2026-07-14,xal,хальмг,https://xal.wikipedia.org,12566,1575,92816,0,11357,13,1,0
2026-07-14,xh,isiXhosa,https://xh.wikipedia.org,5748,2437,41200,0,16162,58,1,0
2026-07-14,xmf,მარგალური,https://xmf.wikipedia.org,42534,22401,251069,0,23132,27,3,0
2026-07-14,yi,ייִדיש,https://yi.wikipedia.org,44593,15752,599818,984,61414,48,3,0
2026-07-14,yo,Yorùbá,https://yo.wikipedia.org,63370,38205,622512,160,34242,87,4,0
2026-07-14,yue,粵語,https://zh-yue.wikipedia.org,341199,150878,2430148,3081,337722,838,9,0
2026-07-14,za,Vahcuengh,https://za.wikipedia.org,5626,3019,42990,0,12592,12,1,0
2026-07-14,zea,Zeêuws,https://zea.wikipedia.org,13984,7401,181607,1,16033,40,3,0
2026-07-14,zgh,ⵜⴰⵎⴰⵣⵉⵖⵜ ⵜⴰⵏⴰⵡⴰⵢⵜ,https://zgh.wikipedia.org,52275,12241,177385,0,46970,45,4,0
2026-07-14,zh,中文,https://zh.wikipedia.org,8432284,1544097,93150999,70416,4144334,14026,61,0
2026-07-14,zu,isiZulu,https://zu.wikipedia.org,27499,12418,125965,0,26448,52,2,0
